Workbook

Sheet Data Order Bengkel
A1: order_id | B1: tanggal | C1: tahun | D1: pelanggan | E1: lokasi | F1: produk | G1: jenis_material | H1: profile_size | I1: ketebalan_material | J1: ukuran | K1: jumlah_unit | L1: jumlah_lubang | M1: metode_hitung | N1: harga_per_m2 | O1: harga_per_m | P1: harga_per_lubang | Q1: upah_tenaga_ahli | R1: finishing | S1: kerumitan_desain | T1: harga_final
A2: ORD-00001 | B2: 43919 | C2: =IF($B2="","",YEAR($B2)) -> 2020 | D2: Bu Yani | E2: Suradadi | F2: Pintu Handerson | G2: Hollow | H2: 4x4 | I2: 0.8 | J2: 4.73 | K2: 1 | L2: 0 | M2: {=_xlfn.IFS( OR($F2="Pagar", $F2="Pintu Gerbang", $F2="Pintu Handerson", $F2="Kanopi"), "PER-M2", $F2="Teralis", "PER-LUBANG", OR($F2="Railing", $F2="Railing/Balkon"), "PER-M", TRUE, "" )} -> PER-M2 | N2: {=IF($M2="PER-M2", IFERROR( _xlfn.IFS( $G2="Hollow", INDEX('Referensi Harga'!$C:$C, MATCH($F2&$C2,'Referensi Harga'!$A:$A&'Referensi Harga'!$B:$B,0)), $G2="Hollow Stainless", INDEX('Referensi Harga'!$D:$D, MATCH($F2&$C2,'Referensi Harga'!$A:$A&'Referensi Harga'!$B:$B,0)), $G2="Pipa Stainless", INDEX('Referensi Harga'!$E:$E, MATCH($F2&$C2,'Referensi Harga'!$A:$A&'Referensi Harga'!$B:$B,0)) ),0) + IFERROR(VLOOKUP($H2,'Profile Size'!$A:$B,2,FALSE),0) + IFERROR(VLOOKUP($I2,'Ketebalan Material'!$A:$B,2,FALSE),0), 0)} -> 800000 | O2: =IF($M2="PER-M", IFERROR( IF($G2="Hollow", INDEX('Referensi Harga'!$C:$C, MATCH($F2 & "|" & $C2, 'Referensi Harga'!$F:$F, 0)), IF($G2="Hollow Stainless", INDEX('Referensi Harga'!$D:$D, MATCH($F2 & "|" & $C2, 'Referensi Harga'!$F:$F, 0)), INDEX('Referensi Harga'!$E:$E, MATCH($F2 & "|" & $C2, 'Referensi Harga'!$F:$F, 0)) )) + IFERROR(VLOOKUP($H2, 'Profile Size'!$A:$B, 2, FALSE), 0) + IFERROR(VLOOKUP($I2, 'Ketebalan Material'!$A:$B, 2, FALSE), 0), 0), 0) -> 0 | P2: {=IF($M2="PER-LUBANG", IFERROR( _xlfn.IFS( $G2="Hollow", INDEX('Referensi Harga'!$C:$C, MATCH($F2&$C2,'Referensi Harga'!$A:$A&'Referensi Harga'!$B:$B,0)), $G2="Hollow Stainless", INDEX('Referensi Harga'!$D:$D, MATCH($F2&$C2,'Referensi Harga'!$A:$A&'Referensi Harga'!$B:$B,0)), $G2="Pipa Stainless", INDEX('Referensi Harga'!$E:$E, MATCH($F2&$C2,'Referensi Harga'!$A:$A&'Referensi Harga'!$B:$B,0)) ),0) + IFERROR(VLOOKUP($H2,'Profile Size'!$A:$B,2,FALSE),0) + IFERROR(VLOOKUP($I2,'Ketebalan Material'!$A:$B,2,FALSE),0), 0)} -> 0 | Q2: =IF($M2="PER-M2", IFERROR( SUMIFS('Upah Tenaga Ahli'!$C:$C, 'Upah Tenaga Ahli'!$A:$A,"PER-M2", 'Upah Tenaga Ahli'!$B:$B,$G2 ) * $J2 * $K2, 0), IF($M2="PER-LUBANG", IFERROR( SUMIFS('Upah Tenaga Ahli'!$D:$D, 'Upah Tenaga Ahli'!$A:$A,"PER-LUBANG", 'Upah Tenaga Ahli'!$B:$B,$G2 ) * $L2 * $K2, 0), IF($M2="PER-M", IFERROR( SUMIFS('Upah Tenaga Ahli'!$E:$E, 'Upah Tenaga Ahli'!$A:$A,"PER-M", 'Upah Tenaga Ahli'!$B:$B,$G2 ) * $J2 * $K2, 0), 0))) -> 473000 | R2: Cat Biasa | S2: Sederhana | T2: =IF($M2="PER-M2", ($N2 * $J2 * $K2) + IFERROR(VLOOKUP($R2,Finishing!A:B,2,FALSE),0) + IFERROR(VLOOKUP($S2,Kerumitan!A:B,2,FALSE),0), IF($M2="PER-LUBANG", ($P2 * $L2 * $K2) + IFERROR(VLOOKUP($R2,Finishing!A:B,2,FALSE),0) + IFERROR(VLOOKUP($S2,Kerumitan!A:B,2,FALSE),0), IF($M2="PER-M", ($O2 * $J2 * $K2) + IFERROR(VLOOKUP($R2,Finishing!A:B,2,FALSE),0) + IFERROR(VLOOKUP($S2,Kerumitan!A:B,2,FALSE),0), 0))) -> 3834000
A3: ORD-00002 | B3: 45497 | C3: =IF($B3="","",YEAR($B3)) -> 2024 | D3: Kontraktor Budi | E3: Margasari | F3: Railing | G3: Hollow | H3: 4x4 | I3: 0.8 | J3: 2.7 | K3: 3 | L3: 0 | M3: {=_xlfn.IFS( OR($F3="Pagar", $F3="Pintu Gerbang", $F3="Pintu Handerson", $F3="Kanopi"), "PER-M2", $F3="Teralis", "PER-LUBANG", OR($F3="Railing", $F3="Railing/Balkon"), "PER-M", TRUE, "" )} -> PER-M | N3: {=IF($M3="PER-M2", IFERROR( _xlfn.IFS( $G3="Hollow", INDEX('Referensi Harga'!$C:$C, MATCH($F3&$C3,'Referensi Harga'!$A:$A&'Referensi Harga'!$B:$B,0)), $G3="Hollow Stainless", INDEX('Referensi Harga'!$D:$D, MATCH($F3&$C3,'Referensi Harga'!$A:$A&'Referensi Harga'!$B:$B,0)), $G3="Pipa Stainless", INDEX('Referensi Harga'!$E:$E, MATCH($F3&$C3,'Referensi Harga'!$A:$A&'Referensi Harga'!$B:$B,0)) ),0) + IFERROR(VLOOKUP($H3,'Profile Size'!$A:$B,2,FALSE),0) + IFERROR(VLOOKUP($I3,'Ketebalan Material'!$A:$B,2,FALSE),0), 0)} -> 0 | O3: =IF($M3="PER-M", IFERROR( IF($G3="Hollow", INDEX('Referensi Harga'!$C:$C, MATCH($F3 & "|" & $C3, 'Referensi Harga'!$F:$F, 0)), IF($G3="Hollow Stainless", INDEX('Referensi Harga'!$D:$D, MATCH($F3 & "|" & $C3, 'Referensi Harga'!$F:$F, 0)), INDEX('Referensi Harga'!$E:$E, MATCH($F3 & "|" & $C3, 'Referensi Harga'!$F:$F, 0)) )) + IFERROR(VLOOKUP($H3, 'Profile Size'!$A:$B, 2, FALSE), 0) + IFERROR(VLOOKUP($I3, 'Ketebalan Material'!$A:$B, 2, FALSE), 0), 0), 0) -> 500000 | P3: {=IF($M3="PER-LUBANG", IFERROR( _xlfn.IFS( $G3="Hollow", INDEX('Referensi Harga'!$C:$C, MATCH($F3&$C3,'Referensi Harga'!$A:$A&'Referensi Harga'!$B:$B,0)), $G3="Hollow Stainless", INDEX('Referensi Harga'!$D:$D, MATCH($F3&$C3,'Referensi Harga'!$A:$A&'Referensi Harga'!$B:$B,0)), $G3="Pipa Stainless", INDEX('Referensi Harga'!$E:$E, MATCH($F3&$C3,'Referensi Harga'!$A:$A&'Referensi Harga'!$B:$B,0)) ),0) + IFERROR(VLOOKUP($H3,'Profile Size'!$A:$B,2,FALSE),0) + IFERROR(VLOOKUP($I3,'Ketebalan Material'!$A:$B,2,FALSE),0), 0)} -> 0 | Q3: =IF($M3="PER-M2", IFERROR( SUMIFS('Upah Tenaga Ahli'!$C:$C, 'Upah Tenaga Ahli'!$A:$A,"PER-M2", 'Upah Tenaga Ahli'!$B:$B,$G3 ) * $J3 * $K3, 0), IF($M3="PER-LUBANG", IFERROR( SUMIFS('Upah Tenaga Ahli'!$D:$D, 'Upah Tenaga Ahli'!$A:$A,"PER-LUBANG", 'Upah Tenaga Ahli'!$B:$B,$G3 ) * $L3 * $K3, 0), IF($M3="PER-M", IFERROR( SUMIFS('Upah Tenaga Ahli'!$E:$E, 'Upah Tenaga Ahli'!$A:$A,"PER-M", 'Upah Tenaga Ahli'!$B:$B,$G3 ) * $J3 * $K3, 0), 0))) -> 810000 | R3: Cat Biasa | S3: Kompleks | T3: =IF($M3="PER-M2", ($N3 * $J3 * $K3) + IFERROR(VLOOKUP($R3,Finishing!A:B,2,FALSE),0) + IFERROR(VLOOKUP($S3,Kerumitan!A:B,2,FALSE),0), IF($M3="PER-LUBANG", ($P3 * $L3 * $K3) + IFERROR(VLOOKUP($R3,Finishing!A:B,2,FALSE),0) + IFERROR(VLOOKUP($S3,Kerumitan!A:B,2,FALSE),0), IF($M3="PER-M", ($O3 * $J3 * $K3) + IFERROR(VLOOKUP($R3,Finishing!A:B,2,FALSE),0) + IFERROR(VLOOKUP($S3,Kerumitan!A:B,2,FALSE),0), 0))) -> 4250000
A4: ORD-00003 | B4: 44274 | C4: =IF($B4="","",YEAR($B4)) -> 2021 | D4: Bu Yani | E4: Margasari | F4: Pagar | G4: Hollow Stainless | H4: 4x8 | I4: 1.2 | J4: 12.85 | K4: 1 | L4: 0 | M4: {=_xlfn.IFS( OR($F4="Pagar", $F4="Pintu Gerbang", $F4="Pintu Handerson", $F4="Kanopi"), "PER-M2", $F4="Teralis", "PER-LUBANG", OR($F4="Railing", $F4="Railing/Balkon"), "PER-M", TRUE, "" )} -> PER-M2 | N4: {=IF($M4="PER-M2", IFERROR( _xlfn.IFS( $G4="Hollow", INDEX('Referensi Harga'!$C:$C, MATCH($F4&$C4,'Referensi Harga'!$A:$A&'Referensi Harga'!$B:$B,0)), $G4="Hollow Stainless", INDEX('Referensi Harga'!$D:$D, MATCH($F4&$C4,'Referensi Harga'!$A:$A&'Referensi Harga'!$B:$B,0)), $G4="Pipa Stainless", INDEX('Referensi Harga'!$E:$E, MATCH($F4&$C4,'Referensi Harga'!$A:$A&'Referensi Harga'!$B:$B,0)) ),0) + IFERROR(VLOOKUP($H4,'Profile Size'!$A:$B,2,FALSE),0) + IFERROR(VLOOKUP($I4,'Ketebalan Material'!$A:$B,2,FALSE),0), 0)} -> 1300000 | O4: =IF($M4="PER-M", IFERROR( IF($G4="Hollow", INDEX('Referensi Harga'!$C:$C, MATCH($F4 & "|" & $C4, 'Referensi Harga'!$F:$F, 0)), IF($G4="Hollow Stainless", INDEX('Referensi Harga'!$D:$D, MATCH($F4 & "|" & $C4, 'Referensi Harga'!$F:$F, 0)), INDEX('Referensi Harga'!$E:$E, MATCH($F4 & "|" & $C4, 'Referensi Harga'!$F:$F, 0)) )) + IFERROR(VLOOKUP($H4, 'Profile Size'!$A:$B, 2, FALSE), 0) + IFERROR(VLOOKUP($I4, 'Ketebalan Material'!$A:$B, 2, FALSE), 0), 0), 0) -> 0 | P4: {=IF($M4="PER-LUBANG", IFERROR( _xlfn.IFS( $G4="Hollow", INDEX('Referensi Harga'!$C:$C, MATCH($F4&$C4,'Referensi Harga'!$A:$A&'Referensi Harga'!$B:$B,0)), $G4="Hollow Stainless", INDEX('Referensi Harga'!$D:$D, MATCH($F4&$C4,'Referensi Harga'!$A:$A&'Referensi Harga'!$B:$B,0)), $G4="Pipa Stainless", INDEX('Referensi Harga'!$E:$E, MATCH($F4&$C4,'Referensi Harga'!$A:$A&'Referensi Harga'!$B:$B,0)) ),0) + IFERROR(VLOOKUP($H4,'Profile Size'!$A:$B,2,FALSE),0) + IFERROR(VLOOKUP($I4,'Ketebalan Material'!$A:$B,2,FALSE),0), 0)} -> 0 | Q4: =IF($M4="PER-M2", IFERROR( SUMIFS('Upah Tenaga Ahli'!$C:$C, 'Upah Tenaga Ahli'!$A:$A,"PER-M2", 'Upah Tenaga Ahli'!$B:$B,$G4 ) * $J4 * $K4, 0), IF($M4="PER-LUBANG", IFERROR( SUMIFS('Upah Tenaga Ahli'!$D:$D, 'Upah Tenaga Ahli'!$A:$A,"PER-LUBANG", 'Upah Tenaga Ahli'!$B:$B,$G4 ) * $L4 * $K4, 0), IF($M4="PER-M", IFERROR( SUMIFS('Upah Tenaga Ahli'!$E:$E, 'Upah Tenaga Ahli'!$A:$A,"PER-M", 'Upah Tenaga Ahli'!$B:$B,$G4 ) * $J4 * $K4, 0), 0))) -> 1927500 | R4: Tanpa Cat | S4: Sederhana | T4: =IF($M4="PER-M2", ($N4 * $J4 * $K4) + IFERROR(VLOOKUP($R4,Finishing!A:B,2,FALSE),0) + IFERROR(VLOOKUP($S4,Kerumitan!A:B,2,FALSE),0), IF($M4="PER-LUBANG", ($P4 * $L4 * $K4) + IFERROR(VLOOKUP($R4,Finishing!A:B,2,FALSE),0) + IFERROR(VLOOKUP($S4,Kerumitan!A:B,2,FALSE),0), IF($M4="PER-M", ($O4 * $J4 * $K4) + IFERROR(VLOOKUP($R4,Finishing!A:B,2,FALSE),0) + IFERROR(VLOOKUP($S4,Kerumitan!A:B,2,FALSE),0), 0))) -> 16705000
A5: ORD-00004 | B5: 45160 | C5: =IF($B5="","",YEAR($B5)) -> 2023 | D5: Bu Ningsih | E5: Talang | F5: Pintu Gerbang | G5: Hollow Stainless | H5: 4x4 | I5: 0.8 | J5: 6.03 | K5: 1 | L5: 0 | M5: {=_xlfn.IFS( OR($F5="Pagar", $F5="Pintu Gerbang", $F5="Pintu Handerson", $F5="Kanopi"), "PER-M2", $F5="Teralis", "PER-LUBANG", OR($F5="Railing", $F5="Railing/Balkon"), "PER-M", TRUE, "" )} -> PER-M2 | N5: {=IF($M5="PER-M2", IFERROR( _xlfn.IFS( $G5="Hollow", INDEX('Referensi Harga'!$C:$C, MATCH($F5&$C5,'Referensi Harga'!$A:$A&'Referensi Harga'!$B:$B,0)), $G5="Hollow Stainless", INDEX('Referensi Harga'!$D:$D, MATCH($F5&$C5,'Referensi Harga'!$A:$A&'Referensi Harga'!$B:$B,0)), $G5="Pipa Stainless", INDEX('Referensi Harga'!$E:$E, MATCH($F5&$C5,'Referensi Harga'!$A:$A&'Referensi Harga'!$B:$B,0)) ),0) + IFERROR(VLOOKUP($H5,'Profile Size'!$A:$B,2,FALSE),0) + IFERROR(VLOOKUP($I5,'Ketebalan Material'!$A:$B,2,FALSE),0), 0)} -> 1300000 | O5: =IF($M5="PER-M", IFERROR( IF($G5="Hollow", INDEX('Referensi Harga'!$C:$C, MATCH($F5 & "|" & $C5, 'Referensi Harga'!$F:$F, 0)), IF($G5="Hollow Stainless", INDEX('Referensi Harga'!$D:$D, MATCH($F5 & "|" & $C5, 'Referensi Harga'!$F:$F, 0)), INDEX('Referensi Harga'!$E:$E, MATCH($F5 & "|" & $C5, 'Referensi Harga'!$F:$F, 0)) )) + IFERROR(VLOOKUP($H5, 'Profile Size'!$A:$B, 2, FALSE), 0) + IFERROR(VLOOKUP($I5, 'Ketebalan Material'!$A:$B, 2, FALSE), 0), 0), 0) -> 0 | P5: {=IF($M5="PER-LUBANG", IFERROR( _xlfn.IFS( $G5="Hollow", INDEX('Referensi Harga'!$C:$C, MATCH($F5&$C5,'Referensi Harga'!$A:$A&'Referensi Harga'!$B:$B,0)), $G5="Hollow Stainless", INDEX('Referensi Harga'!$D:$D, MATCH($F5&$C5,'Referensi Harga'!$A:$A&'Referensi Harga'!$B:$B,0)), $G5="Pipa Stainless", INDEX('Referensi Harga'!$E:$E, MATCH($F5&$C5,'Referensi Harga'!$A:$A&'Referensi Harga'!$B:$B,0)) ),0) + IFERROR(VLOOKUP($H5,'Profile Size'!$A:$B,2,FALSE),0) + IFERROR(VLOOKUP($I5,'Ketebalan Material'!$A:$B,2,FALSE),0), 0)} -> 0 | Q5: =IF($M5="PER-M2", IFERROR( SUMIFS('Upah Tenaga Ahli'!$C:$C, 'Upah Tenaga Ahli'!$A:$A,"PER-M2", 'Upah Tenaga Ahli'!$B:$B,$G5 ) * $J5 * $K5, 0), IF($M5="PER-LUBANG", IFERROR( SUMIFS('Upah Tenaga Ahli'!$D:$D, 'Upah Tenaga Ahli'!$A:$A,"PER-LUBANG", 'Upah Tenaga Ahli'!$B:$B,$G5 ) * $L5 * $K5, 0), IF($M5="PER-M", IFERROR( SUMIFS('Upah Tenaga Ahli'!$E:$E, 'Upah Tenaga Ahli'!$A:$A,"PER-M", 'Upah Tenaga Ahli'!$B:$B,$G5 ) * $J5 * $K5, 0), 0))) -> 904500 | R5: Tanpa Cat | S5: Kompleks | T5: =IF($M5="PER-M2", ($N5 * $J5 * $K5) + IFERROR(VLOOKUP($R5,Finishing!A:B,2,FALSE),0) + IFERROR(VLOOKUP($S5,Kerumitan!A:B,2,FALSE),0), IF($M5="PER-LUBANG", ($P5 * $L5 * $K5) + IFERROR(VLOOKUP($R5,Finishing!A:B,2,FALSE),0) + IFERROR(VLOOKUP($S5,Kerumitan!A:B,2,FALSE),0), IF($M5="PER-M", ($O5 * $J5 * $K5) + IFERROR(VLOOKUP($R5,Finishing!A:B,2,FALSE),0) + IFERROR(VLOOKUP($S5,Kerumitan!A:B,2,FALSE),0), 0))) -> 7989000
A6: ORD-00005 | B6: 44540 | C6: =IF($B6="","",YEAR($B6)) -> 2021 | D6: Bu Wati | E6: Balapulang | F6: Pintu Handerson | G6: Hollow | H6: 4x8 | I6: 1.2 | J6: 2.7 | K6: 2 | L6: 0 | M6: {=_xlfn.IFS( OR($F6="Pagar", $F6="Pintu Gerbang", $F6="Pintu Handerson", $F6="Kanopi"), "PER-M2", $F6="Teralis", "PER-LUBANG", OR($F6="Railing", $F6="Railing/Balkon"), "PER-M", TRUE, "" )} -> PER-M2 | N6: {=IF($M6="PER-M2", IFERROR( _xlfn.IFS( $G6="Hollow", INDEX('Referensi Harga'!$C:$C, MATCH($F6&$C6,'Referensi Harga'!$A:$A&'Referensi Harga'!$B:$B,0)), $G6="Hollow Stainless", INDEX('Referensi Harga'!$D:$D, MATCH($F6&$C6,'Referensi Harga'!$A:$A&'Referensi Harga'!$B:$B,0)), $G6="Pipa Stainless", INDEX('Referensi Harga'!$E:$E, MATCH($F6&$C6,'Referensi Harga'!$A:$A&'Referensi Harga'!$B:$B,0)) ),0) + IFERROR(VLOOKUP($H6,'Profile Size'!$A:$B,2,FALSE),0) + IFERROR(VLOOKUP($I6,'Ketebalan Material'!$A:$B,2,FALSE),0), 0)} -> 1000000 | O6: =IF($M6="PER-M", IFERROR( IF($G6="Hollow", INDEX('Referensi Harga'!$C:$C, MATCH($F6 & "|" & $C6, 'Referensi Harga'!$F:$F, 0)), IF($G6="Hollow Stainless", INDEX('Referensi Harga'!$D:$D, MATCH($F6 & "|" & $C6, 'Referensi Harga'!$F:$F, 0)), INDEX('Referensi Harga'!$E:$E, MATCH($F6 & "|" & $C6, 'Referensi Harga'!$F:$F, 0)) )) + IFERROR(VLOOKUP($H6, 'Profile Size'!$A:$B, 2, FALSE), 0) + IFERROR(VLOOKUP($I6, 'Ketebalan Material'!$A:$B, 2, FALSE), 0), 0), 0) -> 0 | P6: {=IF($M6="PER-LUBANG", IFERROR( _xlfn.IFS( $G6="Hollow", INDEX('Referensi Harga'!$C:$C, MATCH($F6&$C6,'Referensi Harga'!$A:$A&'Referensi Harga'!$B:$B,0)), $G6="Hollow Stainless", INDEX('Referensi Harga'!$D:$D, MATCH($F6&$C6,'Referensi Harga'!$A:$A&'Referensi Harga'!$B:$B,0)), $G6="Pipa Stainless", INDEX('Referensi Harga'!$E:$E, MATCH($F6&$C6,'Referensi Harga'!$A:$A&'Referensi Harga'!$B:$B,0)) ),0) + IFERROR(VLOOKUP($H6,'Profile Size'!$A:$B,2,FALSE),0) + IFERROR(VLOOKUP($I6,'Ketebalan Material'!$A:$B,2,FALSE),0), 0)} -> 0 | Q6: =IF($M6="PER-M2", IFERROR( SUMIFS('Upah Tenaga Ahli'!$C:$C, 'Upah Tenaga Ahli'!$A:$A,"PER-M2", 'Upah Tenaga Ahli'!$B:$B,$G6 ) * $J6 * $K6, 0), IF($M6="PER-LUBANG", IFERROR( SUMIFS('Upah Tenaga Ahli'!$D:$D, 'Upah Tenaga Ahli'!$A:$A,"PER-LUBANG", 'Upah Tenaga Ahli'!$B:$B,$G6 ) * $L6 * $K6, 0), IF($M6="PER-M", IFERROR( SUMIFS('Upah Tenaga Ahli'!$E:$E, 'Upah Tenaga Ahli'!$A:$A,"PER-M", 'Upah Tenaga Ahli'!$B:$B,$G6 ) * $J6 * $K6, 0), 0))) -> 540000 | R6: Cat Biasa | S6: Menengah | T6: =IF($M6="PER-M2", ($N6 * $J6 * $K6) + IFERROR(VLOOKUP($R6,Finishing!A:B,2,FALSE),0) + IFERROR(VLOOKUP($S6,Kerumitan!A:B,2,FALSE),0), IF($M6="PER-LUBANG", ($P6 * $L6 * $K6) + IFERROR(VLOOKUP($R6,Finishing!A:B,2,FALSE),0) + IFERROR(VLOOKUP($S6,Kerumitan!A:B,2,FALSE),0), IF($M6="PER-M", ($O6 * $J6 * $K6) + IFERROR(VLOOKUP($R6,Finishing!A:B,2,FALSE),0) + IFERROR(VLOOKUP($S6,Kerumitan!A:B,2,FALSE),0), 0))) -> 5550000
A7: ORD-00006 | B7: 44772 | C7: =IF($B7="","",YEAR($B7)) -> 2022 | D7: Perumahan Tegal Asri | E7: Jatinegara | F7: Pintu Gerbang | G7: Hollow Stainless | H7: 4x8 | I7: 0.8 | J7: 12.93 | K7: 1 | L7: 0 | M7: {=_xlfn.IFS( OR($F7="Pagar", $F7="Pintu Gerbang", $F7="Pintu Handerson", $F7="Kanopi"), "PER-M2", $F7="Teralis", "PER-LUBANG", OR($F7="Railing", $F7="Railing/Balkon"), "PER-M", TRUE, "" )} -> PER-M2 | N7: {=IF($M7="PER-M2", IFERROR( _xlfn.IFS( $G7="Hollow", INDEX('Referensi Harga'!$C:$C, MATCH($F7&$C7,'Referensi Harga'!$A:$A&'Referensi Harga'!$B:$B,0)), $G7="Hollow Stainless", INDEX('Referensi Harga'!$D:$D, MATCH($F7&$C7,'Referensi Harga'!$A:$A&'Referensi Harga'!$B:$B,0)), $G7="Pipa Stainless", INDEX('Referensi Harga'!$E:$E, MATCH($F7&$C7,'Referensi Harga'!$A:$A&'Referensi Harga'!$B:$B,0)) ),0) + IFERROR(VLOOKUP($H7,'Profile Size'!$A:$B,2,FALSE),0) + IFERROR(VLOOKUP($I7,'Ketebalan Material'!$A:$B,2,FALSE),0), 0)} -> 1350000 | O7: =IF($M7="PER-M", IFERROR( IF($G7="Hollow", INDEX('Referensi Harga'!$C:$C, MATCH($F7 & "|" & $C7, 'Referensi Harga'!$F:$F, 0)), IF($G7="Hollow Stainless", INDEX('Referensi Harga'!$D:$D, MATCH($F7 & "|" & $C7, 'Referensi Harga'!$F:$F, 0)), INDEX('Referensi Harga'!$E:$E, MATCH($F7 & "|" & $C7, 'Referensi Harga'!$F:$F, 0)) )) + IFERROR(VLOOKUP($H7, 'Profile Size'!$A:$B, 2, FALSE), 0) + IFERROR(VLOOKUP($I7, 'Ketebalan Material'!$A:$B, 2, FALSE), 0), 0), 0) -> 0 | P7: {=IF($M7="PER-LUBANG", IFERROR( _xlfn.IFS( $G7="Hollow", INDEX('Referensi Harga'!$C:$C, MATCH($F7&$C7,'Referensi Harga'!$A:$A&'Referensi Harga'!$B:$B,0)), $G7="Hollow Stainless", INDEX('Referensi Harga'!$D:$D, MATCH($F7&$C7,'Referensi Harga'!$A:$A&'Referensi Harga'!$B:$B,0)), $G7="Pipa Stainless", INDEX('Referensi Harga'!$E:$E, MATCH($F7&$C7,'Referensi Harga'!$A:$A&'Referensi Harga'!$B:$B,0)) ),0) + IFERROR(VLOOKUP($H7,'Profile Size'!$A:$B,2,FALSE),0) + IFERROR(VLOOKUP($I7,'Ketebalan Material'!$A:$B,2,FALSE),0), 0)} -> 0 | Q7: =IF($M7="PER-M2", IFERROR( SUMIFS('Upah Tenaga Ahli'!$C:$C, 'Upah Tenaga Ahli'!$A:$A,"PER-M2", 'Upah Tenaga Ahli'!$B:$B,$G7 ) * $J7 * $K7, 0), IF($M7="PER-LUBANG", IFERROR( SUMIFS('Upah Tenaga Ahli'!$D:$D, 'Upah Tenaga Ahli'!$A:$A,"PER-LUBANG", 'Upah Tenaga Ahli'!$B:$B,$G7 ) * $L7 * $K7, 0), IF($M7="PER-M", IFERROR( SUMIFS('Upah Tenaga Ahli'!$E:$E, 'Upah Tenaga Ahli'!$A:$A,"PER-M", 'Upah Tenaga Ahli'!$B:$B,$G7 ) * $J7 * $K7, 0), 0))) -> 1939500 | R7: Tanpa Cat | S7: Menengah | T7: =IF($M7="PER-M2", ($N7 * $J7 * $K7) + IFERROR(VLOOKUP($R7,Finishing!A:B,2,FALSE),0) + IFERROR(VLOOKUP($S7,Kerumitan!A:B,2,FALSE),0), IF($M7="PER-LUBANG", ($P7 * $L7 * $K7) + IFERROR(VLOOKUP($R7,Finishing!A:B,2,FALSE),0) + IFERROR(VLOOKUP($S7,Kerumitan!A:B,2,FALSE),0), IF($M7="PER-M", ($O7 * $J7 * $K7) + IFERROR(VLOOKUP($R7,Finishing!A:B,2,FALSE),0) + IFERROR(VLOOKUP($S7,Kerumitan!A:B,2,FALSE),0), 0))) -> 17555500
A8: ORD-00007 | B8: 45829 | C8: =IF($B8="","",YEAR($B8)) -> 2025 | D8: Bu Yani | E8: Jatinegara | F8: Railing | G8: Hollow Stainless | H8: 4x6 | I8: 1.2 | J8: 14 | K8: 2 | L8: 0 | M8: {=_xlfn.IFS( OR($F8="Pagar", $F8="Pintu Gerbang", $F8="Pintu Handerson", $F8="Kanopi"), "PER-M2", $F8="Teralis", "PER-LUBANG", OR($F8="Railing", $F8="Railing/Balkon"), "PER-M", TRUE, "" )} -> PER-M | N8: {=IF($M8="PER-M2", IFERROR( _xlfn.IFS( $G8="Hollow", INDEX('Referensi Harga'!$C:$C, MATCH($F8&$C8,'Referensi Harga'!$A:$A&'Referensi Harga'!$B:$B,0)), $G8="Hollow Stainless", INDEX('Referensi Harga'!$D:$D, MATCH($F8&$C8,'Referensi Harga'!$A:$A&'Referensi Harga'!$B:$B,0)), $G8="Pipa Stainless", INDEX('Referensi Harga'!$E:$E, MATCH($F8&$C8,'Referensi Harga'!$A:$A&'Referensi Harga'!$B:$B,0)) ),0) + IFERROR(VLOOKUP($H8,'Profile Size'!$A:$B,2,FALSE),0) + IFERROR(VLOOKUP($I8,'Ketebalan Material'!$A:$B,2,FALSE),0), 0)} -> 0 | O8: =IF($M8="PER-M", IFERROR( IF($G8="Hollow", INDEX('Referensi Harga'!$C:$C, MATCH($F8 & "|" & $C8, 'Referensi Harga'!$F:$F, 0)), IF($G8="Hollow Stainless", INDEX('Referensi Harga'!$D:$D, MATCH($F8 & "|" & $C8, 'Referensi Harga'!$F:$F, 0)), INDEX('Referensi Harga'!$E:$E, MATCH($F8 & "|" & $C8, 'Referensi Harga'!$F:$F, 0)) )) + IFERROR(VLOOKUP($H8, 'Profile Size'!$A:$B, 2, FALSE), 0) + IFERROR(VLOOKUP($I8, 'Ketebalan Material'!$A:$B, 2, FALSE), 0), 0), 0) -> 1350000 | P8: {=IF($M8="PER-LUBANG", IFERROR( _xlfn.IFS( $G8="Hollow", INDEX('Referensi Harga'!$C:$C, MATCH($F8&$C8,'Referensi Harga'!$A:$A&'Referensi Harga'!$B:$B,0)), $G8="Hollow Stainless", INDEX('Referensi Harga'!$D:$D, MATCH($F8&$C8,'Referensi Harga'!$A:$A&'Referensi Harga'!$B:$B,0)), $G8="Pipa Stainless", INDEX('Referensi Harga'!$E:$E, MATCH($F8&$C8,'Referensi Harga'!$A:$A&'Referensi Harga'!$B:$B,0)) ),0) + IFERROR(VLOOKUP($H8,'Profile Size'!$A:$B,2,FALSE),0) + IFERROR(VLOOKUP($I8,'Ketebalan Material'!$A:$B,2,FALSE),0), 0)} -> 0 | Q8: =IF($M8="PER-M2", IFERROR( SUMIFS('Upah Tenaga Ahli'!$C:$C, 'Upah Tenaga Ahli'!$A:$A,"PER-M2", 'Upah Tenaga Ahli'!$B:$B,$G8 ) * $J8 * $K8, 0), IF($M8="PER-LUBANG", IFERROR( SUMIFS('Upah Tenaga Ahli'!$D:$D, 'Upah Tenaga Ahli'!$A:$A,"PER-LUBANG", 'Upah Tenaga Ahli'!$B:$B,$G8 ) * $L8 * $K8, 0), IF($M8="PER-M", IFERROR( SUMIFS('Upah Tenaga Ahli'!$E:$E, 'Upah Tenaga Ahli'!$A:$A,"PER-M", 'Upah Tenaga Ahli'!$B:$B,$G8 ) * $J8 * $K8, 0), 0))) -> 4200000 | R8: Tanpa Cat | S8: Sederhana | T8: =IF($M8="PER-M2", ($N8 * $J8 * $K8) + IFERROR(VLOOKUP($R8,Finishing!A:B,2,FALSE),0) + IFERROR(VLOOKUP($S8,Kerumitan!A:B,2,FALSE),0), IF($M8="PER-LUBANG", ($P8 * $L8 * $K8) + IFERROR(VLOOKUP($R8,Finishing!A:B,2,FALSE),0) + IFERROR(VLOOKUP($S8,Kerumitan!A:B,2,FALSE),0), IF($M8="PER-M", ($O8 * $J8 * $K8) + IFERROR(VLOOKUP($R8,Finishing!A:B,2,FALSE),0) + IFERROR(VLOOKUP($S8,Kerumitan!A:B,2,FALSE),0), 0))) -> 37800000
A9: ORD-00008 | B9: 43853 | C9: =IF($B9="","",YEAR($B9)) -> 2020 | D9: Perumahan Tegal Asri | E9: Jatinegara | F9: Railing | G9: Hollow | H9: 4x6 | I9: 0.8 | J9: 5.6 | K9: 3 | L9: 0 | M9: {=_xlfn.IFS( OR($F9="Pagar", $F9="Pintu Gerbang", $F9="Pintu Handerson", $F9="Kanopi"), "PER-M2", $F9="Teralis", "PER-LUBANG", OR($F9="Railing", $F9="Railing/Balkon"), "PER-M", TRUE, "" )} -> PER-M | N9: {=IF($M9="PER-M2", IFERROR( _xlfn.IFS( $G9="Hollow", INDEX('Referensi Harga'!$C:$C, MATCH($F9&$C9,'Referensi Harga'!$A:$A&'Referensi Harga'!$B:$B,0)), $G9="Hollow Stainless", INDEX('Referensi Harga'!$D:$D, MATCH($F9&$C9,'Referensi Harga'!$A:$A&'Referensi Harga'!$B:$B,0)), $G9="Pipa Stainless", INDEX('Referensi Harga'!$E:$E, MATCH($F9&$C9,'Referensi Harga'!$A:$A&'Referensi Harga'!$B:$B,0)) ),0) + IFERROR(VLOOKUP($H9,'Profile Size'!$A:$B,2,FALSE),0) + IFERROR(VLOOKUP($I9,'Ketebalan Material'!$A:$B,2,FALSE),0), 0)} -> 0 | O9: =IF($M9="PER-M", IFERROR( IF($G9="Hollow", INDEX('Referensi Harga'!$C:$C, MATCH($F9 & "|" & $C9, 'Referensi Harga'!$F:$F, 0)), IF($G9="Hollow Stainless", INDEX('Referensi Harga'!$D:$D, MATCH($F9 & "|" & $C9, 'Referensi Harga'!$F:$F, 0)), INDEX('Referensi Harga'!$E:$E, MATCH($F9 & "|" & $C9, 'Referensi Harga'!$F:$F, 0)) )) + IFERROR(VLOOKUP($H9, 'Profile Size'!$A:$B, 2, FALSE), 0) + IFERROR(VLOOKUP($I9, 'Ketebalan Material'!$A:$B, 2, FALSE), 0), 0), 0) -> 450000 | P9: {=IF($M9="PER-LUBANG", IFERROR( _xlfn.IFS( $G9="Hollow", INDEX('Referensi Harga'!$C:$C, MATCH($F9&$C9,'Referensi Harga'!$A:$A&'Referensi Harga'!$B:$B,0)), $G9="Hollow Stainless", INDEX('Referensi Harga'!$D:$D, MATCH($F9&$C9,'Referensi Harga'!$A:$A&'Referensi Harga'!$B:$B,0)), $G9="Pipa Stainless", INDEX('Referensi Harga'!$E:$E, MATCH($F9&$C9,'Referensi Harga'!$A:$A&'Referensi Harga'!$B:$B,0)) ),0) + IFERROR(VLOOKUP($H9,'Profile Size'!$A:$B,2,FALSE),0) + IFERROR(VLOOKUP($I9,'Ketebalan Material'!$A:$B,2,FALSE),0), 0)} -> 0 | Q9: =IF($M9="PER-M2", IFERROR( SUMIFS('Upah Tenaga Ahli'!$C:$C, 'Upah Tenaga Ahli'!$A:$A,"PER-M2", 'Upah Tenaga Ahli'!$B:$B,$G9 ) * $J9 * $K9, 0), IF($M9="PER-LUBANG", IFERROR( SUMIFS('Upah Tenaga Ahli'!$D:$D, 'Upah Tenaga Ahli'!$A:$A,"PER-LUBANG", 'Upah Tenaga Ahli'!$B:$B,$G9 ) * $L9 * $K9, 0), IF($M9="PER-M", IFERROR( SUMIFS('Upah Tenaga Ahli'!$E:$E, 'Upah Tenaga Ahli'!$A:$A,"PER-M", 'Upah Tenaga Ahli'!$B:$B,$G9 ) * $J9 * $K9, 0), 0))) -> 1680000 | R9: Cat Biasa | S9: Sederhana | T9: =IF($M9="PER-M2", ($N9 * $J9 * $K9) + IFERROR(VLOOKUP($R9,Finishing!A:B,2,FALSE),0) + IFERROR(VLOOKUP($S9,Kerumitan!A:B,2,FALSE),0), IF($M9="PER-LUBANG", ($P9 * $L9 * $K9) + IFERROR(VLOOKUP($R9,Finishing!A:B,2,FALSE),0) + IFERROR(VLOOKUP($S9,Kerumitan!A:B,2,FALSE),0), IF($M9="PER-M", ($O9 * $J9 * $K9) + IFERROR(VLOOKUP($R9,Finishing!A:B,2,FALSE),0) + IFERROR(VLOOKUP($S9,Kerumitan!A:B,2,FALSE),0), 0))) -> 7610000
A10: ORD-00009 | B10: 45441 | C10: =IF($B10="","",YEAR($B10)) -> 2024 | D10: Mas Andi | E10: Jatinegara | F10: Teralis | G10: Pipa Stainless | H10: 1x3 | I10: 1.2 | J10: 0 | K10: 1 | L10: 18 | M10: {=_xlfn.IFS( OR($F10="Pagar", $F10="Pintu Gerbang", $F10="Pintu Handerson", $F10="Kanopi"), "PER-M2", $F10="Teralis", "PER-LUBANG", OR($F10="Railing", $F10="Railing/Balkon"), "PER-M", TRUE, "" )} -> PER-LUBANG | N10: {=IF($M10="PER-M2", IFERROR( _xlfn.IFS( $G10="Hollow", INDEX('Referensi Harga'!$C:$C, MATCH($F10&$C10,'Referensi Harga'!$A:$A&'Referensi Harga'!$B:$B,0)), $G10="Hollow Stainless", INDEX('Referensi Harga'!$D:$D, MATCH($F10&$C10,'Referensi Harga'!$A:$A&'Referensi Harga'!$B:$B,0)), $G10="Pipa Stainless", INDEX('Referensi Harga'!$E:$E, MATCH($F10&$C10,'Referensi Harga'!$A:$A&'Referensi Harga'!$B:$B,0)) ),0) + IFERROR(VLOOKUP($H10,'Profile Size'!$A:$B,2,FALSE),0) + IFERROR(VLOOKUP($I10,'Ketebalan Material'!$A:$B,2,FALSE),0), 0)} -> 0 | O10: =IF($M10="PER-M", IFERROR( IF($G10="Hollow", INDEX('Referensi Harga'!$C:$C, MATCH($F10 & "|" & $C10, 'Referensi Harga'!$F:$F, 0)), IF($G10="Hollow Stainless", INDEX('Referensi Harga'!$D:$D, MATCH($F10 & "|" & $C10, 'Referensi Harga'!$F:$F, 0)), INDEX('Referensi Harga'!$E:$E, MATCH($F10 & "|" & $C10, 'Referensi Harga'!$F:$F, 0)) )) + IFERROR(VLOOKUP($H10, 'Profile Size'!$A:$B, 2, FALSE), 0) + IFERROR(VLOOKUP($I10, 'Ketebalan Material'!$A:$B, 2, FALSE), 0), 0), 0) -> 0 | P10: {=IF($M10="PER-LUBANG", IFERROR( _xlfn.IFS( $G10="Hollow", INDEX('Referensi Harga'!$C:$C, MATCH($F10&$C10,'Referensi Harga'!$A:$A&'Referensi Harga'!$B:$B,0)), $G10="Hollow Stainless", INDEX('Referensi Harga'!$D:$D, MATCH($F10&$C10,'Referensi Harga'!$A:$A&'Referensi Harga'!$B:$B,0)), $G10="Pipa Stainless", INDEX('Referensi Harga'!$E:$E, MATCH($F10&$C10,'Referensi Harga'!$A:$A&'Referensi Harga'!$B:$B,0)) ),0) + IFERROR(VLOOKUP($H10,'Profile Size'!$A:$B,2,FALSE),0) + IFERROR(VLOOKUP($I10,'Ketebalan Material'!$A:$B,2,FALSE),0), 0)} -> 800000 | Q10: =IF($M10="PER-M2", IFERROR( SUMIFS('Upah Tenaga Ahli'!$C:$C, 'Upah Tenaga Ahli'!$A:$A,"PER-M2", 'Upah Tenaga Ahli'!$B:$B,$G10 ) * $J10 * $K10, 0), IF($M10="PER-LUBANG", IFERROR( SUMIFS('Upah Tenaga Ahli'!$D:$D, 'Upah Tenaga Ahli'!$A:$A,"PER-LUBANG", 'Upah Tenaga Ahli'!$B:$B,$G10 ) * $L10 * $K10, 0), IF($M10="PER-M", IFERROR( SUMIFS('Upah Tenaga Ahli'!$E:$E, 'Upah Tenaga Ahli'!$A:$A,"PER-M", 'Upah Tenaga Ahli'!$B:$B,$G10 ) * $J10 * $K10, 0), 0))) -> 2700000 | R10: Tanpa Cat | S10: Menengah | T10: =IF($M10="PER-M2", ($N10 * $J10 * $K10) + IFERROR(VLOOKUP($R10,Finishing!A:B,2,FALSE),0) + IFERROR(VLOOKUP($S10,Kerumitan!A:B,2,FALSE),0), IF($M10="PER-LUBANG", ($P10 * $L10 * $K10) + IFERROR(VLOOKUP($R10,Finishing!A:B,2,FALSE),0) + IFERROR(VLOOKUP($S10,Kerumitan!A:B,2,FALSE),0), IF($M10="PER-M", ($O10 * $J10 * $K10) + IFERROR(VLOOKUP($R10,Finishing!A:B,2,FALSE),0) + IFERROR(VLOOKUP($S10,Kerumitan!A:B,2,FALSE),0), 0))) -> 14500000
A11: ORD-00010 | B11: 44815 | C11: =IF($B11="","",YEAR($B11)) -> 2022 | D11: Muhidin | E11: Margasari | F11: Pagar | G11: Hollow | H11: 4x6 | I11: 0.8 | J11: 26.03 | K11: 1 | L11: 0 | M11: {=_xlfn.IFS( OR($F11="Pagar", $F11="Pintu Gerbang", $F11="Pintu Handerson", $F11="Kanopi"), "PER-M2", $F11="Teralis", "PER-LUBANG", OR($F11="Railing", $F11="Railing/Balkon"), "PER-M", TRUE, "" )} -> PER-M2 | N11: {=IF($M11="PER-M2", IFERROR( _xlfn.IFS( $G11="Hollow", INDEX('Referensi Harga'!$C:$C, MATCH($F11&$C11,'Referensi Harga'!$A:$A&'Referensi Harga'!$B:$B,0)), $G11="Hollow Stainless", INDEX('Referensi Harga'!$D:$D, MATCH($F11&$C11,'Referensi Harga'!$A:$A&'Referensi Harga'!$B:$B,0)), $G11="Pipa Stainless", INDEX('Referensi Harga'!$E:$E, MATCH($F11&$C11,'Referensi Harga'!$A:$A&'Referensi Harga'!$B:$B,0)) ),0) + IFERROR(VLOOKUP($H11,'Profile Size'!$A:$B,2,FALSE),0) + IFERROR(VLOOKUP($I11,'Ketebalan Material'!$A:$B,2,FALSE),0), 0)} -> 580000 | O11: =IF($M11="PER-M", IFERROR( IF($G11="Hollow", INDEX('Referensi Harga'!$C:$C, MATCH($F11 & "|" & $C11, 'Referensi Harga'!$F:$F, 0)), IF($G11="Hollow Stainless", INDEX('Referensi Harga'!$D:$D, MATCH($F11 & "|" & $C11, 'Referensi Harga'!$F:$F, 0)), INDEX('Referensi Harga'!$E:$E, MATCH($F11 & "|" & $C11, 'Referensi Harga'!$F:$F, 0)) )) + IFERROR(VLOOKUP($H11, 'Profile Size'!$A:$B, 2, FALSE), 0) + IFERROR(VLOOKUP($I11, 'Ketebalan Material'!$A:$B, 2, FALSE), 0), 0), 0) -> 0 | P11: {=IF($M11="PER-LUBANG", IFERROR( _xlfn.IFS( $G11="Hollow", INDEX('Referensi Harga'!$C:$C, MATCH($F11&$C11,'Referensi Harga'!$A:$A&'Referensi Harga'!$B:$B,0)), $G11="Hollow Stainless", INDEX('Referensi Harga'!$D:$D, MATCH($F11&$C11,'Referensi Harga'!$A:$A&'Referensi Harga'!$B:$B,0)), $G11="Pipa Stainless", INDEX('Referensi Harga'!$E:$E, MATCH($F11&$C11,'Referensi Harga'!$A:$A&'Referensi Harga'!$B:$B,0)) ),0) + IFERROR(VLOOKUP($H11,'Profile Size'!$A:$B,2,FALSE),0) + IFERROR(VLOOKUP($I11,'Ketebalan Material'!$A:$B,2,FALSE),0), 0)} -> 0 | Q11: =IF($M11="PER-M2", IFERROR( SUMIFS('Upah Tenaga Ahli'!$C:$C, 'Upah Tenaga Ahli'!$A:$A,"PER-M2", 'Upah Tenaga Ahli'!$B:$B,$G11 ) * $J11 * $K11, 0), IF($M11="PER-LUBANG", IFERROR( SUMIFS('Upah Tenaga Ahli'!$D:$D, 'Upah Tenaga Ahli'!$A:$A,"PER-LUBANG", 'Upah Tenaga Ahli'!$B:$B,$G11 ) * $L11 * $K11, 0), IF($M11="PER-M", IFERROR( SUMIFS('Upah Tenaga Ahli'!$E:$E, 'Upah Tenaga Ahli'!$A:$A,"PER-M", 'Upah Tenaga Ahli'!$B:$B,$G11 ) * $J11 * $K11, 0), 0))) -> 2603000 | R11: Cat Biasa | S11: Sederhana | T11: =IF($M11="PER-M2", ($N11 * $J11 * $K11) + IFERROR(VLOOKUP($R11,Finishing!A:B,2,FALSE),0) + IFERROR(VLOOKUP($S11,Kerumitan!A:B,2,FALSE),0), IF($M11="PER-LUBANG", ($P11 * $L11 * $K11) + IFERROR(VLOOKUP($R11,Finishing!A:B,2,FALSE),0) + IFERROR(VLOOKUP($S11,Kerumitan!A:B,2,FALSE),0), IF($M11="PER-M", ($O11 * $J11 * $K11) + IFERROR(VLOOKUP($R11,Finishing!A:B,2,FALSE),0) + IFERROR(VLOOKUP($S11,Kerumitan!A:B,2,FALSE),0), 0))) -> 15147400
A12: ORD-00011 | B12: 43763 | C12: =IF($B12="","",YEAR($B12)) -> 2019 | D12: Mas Malik | E12: Suradadi | F12: Teralis | G12: Hollow Stainless | H12: 2x2 | I12: 1.2 | J12: 0 | K12: 1 | L12: 21 | M12: {=_xlfn.IFS( OR($F12="Pagar", $F12="Pintu Gerbang", $F12="Pintu Handerson", $F12="Kanopi"), "PER-M2", $F12="Teralis", "PER-LUBANG", OR($F12="Railing", $F12="Railing/Balkon"), "PER-M", TRUE, "" )} -> PER-LUBANG | N12: {=IF($M12="PER-M2", IFERROR( _xlfn.IFS( $G12="Hollow", INDEX('Referensi Harga'!$C:$C, MATCH($F12&$C12,'Referensi Harga'!$A:$A&'Referensi Harga'!$B:$B,0)), $G12="Hollow Stainless", INDEX('Referensi Harga'!$D:$D, MATCH($F12&$C12,'Referensi Harga'!$A:$A&'Referensi Harga'!$B:$B,0)), $G12="Pipa Stainless", INDEX('Referensi Harga'!$E:$E, MATCH($F12&$C12,'Referensi Harga'!$A:$A&'Referensi Harga'!$B:$B,0)) ),0) + IFERROR(VLOOKUP($H12,'Profile Size'!$A:$B,2,FALSE),0) + IFERROR(VLOOKUP($I12,'Ketebalan Material'!$A:$B,2,FALSE),0), 0)} -> 0 | O12: =IF($M12="PER-M", IFERROR( IF($G12="Hollow", INDEX('Referensi Harga'!$C:$C, MATCH($F12 & "|" & $C12, 'Referensi Harga'!$F:$F, 0)), IF($G12="Hollow Stainless", INDEX('Referensi Harga'!$D:$D, MATCH($F12 & "|" & $C12, 'Referensi Harga'!$F:$F, 0)), INDEX('Referensi Harga'!$E:$E, MATCH($F12 & "|" & $C12, 'Referensi Harga'!$F:$F, 0)) )) + IFERROR(VLOOKUP($H12, 'Profile Size'!$A:$B, 2, FALSE), 0) + IFERROR(VLOOKUP($I12, 'Ketebalan Material'!$A:$B, 2, FALSE), 0), 0), 0) -> 0 | P12: {=IF($M12="PER-LUBANG", IFERROR( _xlfn.IFS( $G12="Hollow", INDEX('Referensi Harga'!$C:$C, MATCH($F12&$C12,'Referensi Harga'!$A:$A&'Referensi Harga'!$B:$B,0)), $G12="Hollow Stainless", INDEX('Referensi Harga'!$D:$D, MATCH($F12&$C12,'Referensi Harga'!$A:$A&'Referensi Harga'!$B:$B,0)), $G12="Pipa Stainless", INDEX('Referensi Harga'!$E:$E, MATCH($F12&$C12,'Referensi Harga'!$A:$A&'Referensi Harga'!$B:$B,0)) ),0) + IFERROR(VLOOKUP($H12,'Profile Size'!$A:$B,2,FALSE),0) + IFERROR(VLOOKUP($I12,'Ketebalan Material'!$A:$B,2,FALSE),0), 0)} -> 750000 | Q12: =IF($M12="PER-M2", IFERROR( SUMIFS('Upah Tenaga Ahli'!$C:$C, 'Upah Tenaga Ahli'!$A:$A,"PER-M2", 'Upah Tenaga Ahli'!$B:$B,$G12 ) * $J12 * $K12, 0), IF($M12="PER-LUBANG", IFERROR( SUMIFS('Upah Tenaga Ahli'!$D:$D, 'Upah Tenaga Ahli'!$A:$A,"PER-LUBANG", 'Upah Tenaga Ahli'!$B:$B,$G12 ) * $L12 * $K12, 0), IF($M12="PER-M", IFERROR( SUMIFS('Upah Tenaga Ahli'!$E:$E, 'Upah Tenaga Ahli'!$A:$A,"PER-M", 'Upah Tenaga Ahli'!$B:$B,$G12 ) * $J12 * $K12, 0), 0))) -> 3150000 | R12: Tanpa Cat | S12: Kompleks | T12: =IF($M12="PER-M2", ($N12 * $J12 * $K12) + IFERROR(VLOOKUP($R12,Finishing!A:B,2,FALSE),0) + IFERROR(VLOOKUP($S12,Kerumitan!A:B,2,FALSE),0), IF($M12="PER-LUBANG", ($P12 * $L12 * $K12) + IFERROR(VLOOKUP($R12,Finishing!A:B,2,FALSE),0) + IFERROR(VLOOKUP($S12,Kerumitan!A:B,2,FALSE),0), IF($M12="PER-M", ($O12 * $J12 * $K12) + IFERROR(VLOOKUP($R12,Finishing!A:B,2,FALSE),0) + IFERROR(VLOOKUP($S12,Kerumitan!A:B,2,FALSE),0), 0))) -> 15900000
A13: ORD-00012 | B13: 45307 | C13: =IF($B13="","",YEAR($B13)) -> 2024 | D13: Mbak Tutik | E13: Kramat | F13: Pintu Gerbang | G13: Hollow Stainless | H13: 4x8 | I13: 1 | J13: 13.79 | K13: 1 | L13: 0 | M13: {=_xlfn.IFS( OR($F13="Pagar", $F13="Pintu Gerbang", $F13="Pintu Handerson", $F13="Kanopi"), "PER-M2", $F13="Teralis", "PER-LUBANG", OR($F13="Railing", $F13="Railing/Balkon"), "PER-M", TRUE, "" )} -> PER-M2 | N13: {=IF($M13="PER-M2", IFERROR( _xlfn.IFS( $G13="Hollow", INDEX('Referensi Harga'!$C:$C, MATCH($F13&$C13,'Referensi Harga'!$A:$A&'Referensi Harga'!$B:$B,0)), $G13="Hollow Stainless", INDEX('Referensi Harga'!$D:$D, MATCH($F13&$C13,'Referensi Harga'!$A:$A&'Referensi Harga'!$B:$B,0)), $G13="Pipa Stainless", INDEX('Referensi Harga'!$E:$E, MATCH($F13&$C13,'Referensi Harga'!$A:$A&'Referensi Harga'!$B:$B,0)) ),0) + IFERROR(VLOOKUP($H13,'Profile Size'!$A:$B,2,FALSE),0) + IFERROR(VLOOKUP($I13,'Ketebalan Material'!$A:$B,2,FALSE),0), 0)} -> 1570000 | O13: =IF($M13="PER-M", IFERROR( IF($G13="Hollow", INDEX('Referensi Harga'!$C:$C, MATCH($F13 & "|" & $C13, 'Referensi Harga'!$F:$F, 0)), IF($G13="Hollow Stainless", INDEX('Referensi Harga'!$D:$D, MATCH($F13 & "|" & $C13, 'Referensi Harga'!$F:$F, 0)), INDEX('Referensi Harga'!$E:$E, MATCH($F13 & "|" & $C13, 'Referensi Harga'!$F:$F, 0)) )) + IFERROR(VLOOKUP($H13, 'Profile Size'!$A:$B, 2, FALSE), 0) + IFERROR(VLOOKUP($I13, 'Ketebalan Material'!$A:$B, 2, FALSE), 0), 0), 0) -> 0 | P13: {=IF($M13="PER-LUBANG", IFERROR( _xlfn.IFS( $G13="Hollow", INDEX('Referensi Harga'!$C:$C, MATCH($F13&$C13,'Referensi Harga'!$A:$A&'Referensi Harga'!$B:$B,0)), $G13="Hollow Stainless", INDEX('Referensi Harga'!$D:$D, MATCH($F13&$C13,'Referensi Harga'!$A:$A&'Referensi Harga'!$B:$B,0)), $G13="Pipa Stainless", INDEX('Referensi Harga'!$E:$E, MATCH($F13&$C13,'Referensi Harga'!$A:$A&'Referensi Harga'!$B:$B,0)) ),0) + IFERROR(VLOOKUP($H13,'Profile Size'!$A:$B,2,FALSE),0) + IFERROR(VLOOKUP($I13,'Ketebalan Material'!$A:$B,2,FALSE),0), 0)} -> 0 | Q13: =IF($M13="PER-M2", IFERROR( SUMIFS('Upah Tenaga Ahli'!$C:$C, 'Upah Tenaga Ahli'!$A:$A,"PER-M2", 'Upah Tenaga Ahli'!$B:$B,$G13 ) * $J13 * $K13, 0), IF($M13="PER-LUBANG", IFERROR( SUMIFS('Upah Tenaga Ahli'!$D:$D, 'Upah Tenaga Ahli'!$A:$A,"PER-LUBANG", 'Upah Tenaga Ahli'!$B:$B,$G13 ) * $L13 * $K13, 0), IF($M13="PER-M", IFERROR( SUMIFS('Upah Tenaga Ahli'!$E:$E, 'Upah Tenaga Ahli'!$A:$A,"PER-M", 'Upah Tenaga Ahli'!$B:$B,$G13 ) * $J13 * $K13, 0), 0))) -> 2068500 | R13: Tanpa Cat | S13: Sederhana | T13: =IF($M13="PER-M2", ($N13 * $J13 * $K13) + IFERROR(VLOOKUP($R13,Finishing!A:B,2,FALSE),0) + IFERROR(VLOOKUP($S13,Kerumitan!A:B,2,FALSE),0), IF($M13="PER-LUBANG", ($P13 * $L13 * $K13) + IFERROR(VLOOKUP($R13,Finishing!A:B,2,FALSE),0) + IFERROR(VLOOKUP($S13,Kerumitan!A:B,2,FALSE),0), IF($M13="PER-M", ($O13 * $J13 * $K13) + IFERROR(VLOOKUP($R13,Finishing!A:B,2,FALSE),0) + IFERROR(VLOOKUP($S13,Kerumitan!A:B,2,FALSE),0), 0))) -> 21650300
... A502: ORD-00501 | B502: 43781 | C502: =IF($B502="","",YEAR($B502)) -> 2019 | D502: BUMDES Bojong | E502: Bojong | F502: Pagar | G502: Hollow | H502: 4x4 | I502: 0.8 | J502: 27 | K502: 1 | L502: 0 | M502: {=_xlfn.IFS( OR($F502="Pagar", $F502="Pintu Gerbang", $F502="Pintu Handerson", $F502="Kanopi"), "PER-M2", $F502="Teralis", "PER-LUBANG", OR($F502="Railing", $F502="Railing/Balkon"), "PER-M", TRUE, "" )} -> PER-M2 | N502: {=IF($M502="PER-M2", IFERROR( _xlfn.IFS( $G502="Hollow", INDEX('Referensi Harga'!$C:$C, MATCH($F502&$C502,'Referensi Harga'!$A:$A&'Referensi Harga'!$B:$B,0)), $G502="Hollow Stainless", INDEX('Referensi Harga'!$D:$D, MATCH($F502&$C502,'Referensi Harga'!$A:$A&'Referensi Harga'!$B:$B,0)), $G502="Pipa Stainless", INDEX('Referensi Harga'!$E:$E, MATCH($F502&$C502,'Referensi Harga'!$A:$A&'Referensi Harga'!$B:$B,0)) ),0) + IFERROR(VLOOKUP($H502,'Profile Size'!$A:$B,2,FALSE),0) + IFERROR(VLOOKUP($I502,'Ketebalan Material'!$A:$B,2,FALSE),0), 0)} -> 500000 | O502: =IF($M502="PER-M", IFERROR( IF($G502="Hollow", INDEX('Referensi Harga'!$C:$C, MATCH($F502 & "|" & $C502, 'Referensi Harga'!$F:$F, 0)), IF($G502="Hollow Stainless", INDEX('Referensi Harga'!$D:$D, MATCH($F502 & "|" & $C502, 'Referensi Harga'!$F:$F, 0)), INDEX('Referensi Harga'!$E:$E, MATCH($F502 & "|" & $C502, 'Referensi Harga'!$F:$F, 0)) )) + IFERROR(VLOOKUP($H502, 'Profile Size'!$A:$B, 2, FALSE), 0) + IFERROR(VLOOKUP($I502, 'Ketebalan Material'!$A:$B, 2, FALSE), 0), 0), 0) -> 0 | P502: {=IF($M502="PER-LUBANG", IFERROR( _xlfn.IFS( $G502="Hollow", INDEX('Referensi Harga'!$C:$C, MATCH($F502&$C502,'Referensi Harga'!$A:$A&'Referensi Harga'!$B:$B,0)), $G502="Hollow Stainless", INDEX('Referensi Harga'!$D:$D, MATCH($F502&$C502,'Referensi Harga'!$A:$A&'Referensi Harga'!$B:$B,0)), $G502="Pipa Stainless", INDEX('Referensi Harga'!$E:$E, MATCH($F502&$C502,'Referensi Harga'!$A:$A&'Referensi Harga'!$B:$B,0)) ),0) + IFERROR(VLOOKUP($H502,'Profile Size'!$A:$B,2,FALSE),0) + IFERROR(VLOOKUP($I502,'Ketebalan Material'!$A:$B,2,FALSE),0), 0)} -> 0 | Q502: =IF($M502="PER-M2", IFERROR( SUMIFS('Upah Tenaga Ahli'!$C:$C, 'Upah Tenaga Ahli'!$A:$A,"PER-M2", 'Upah Tenaga Ahli'!$B:$B,$G502 ) * $J502 * $K502, 0), IF($M502="PER-LUBANG", IFERROR( SUMIFS('Upah Tenaga Ahli'!$D:$D, 'Upah Tenaga Ahli'!$A:$A,"PER-LUBANG", 'Upah Tenaga Ahli'!$B:$B,$G502 ) * $L502 * $K502, 0), IF($M502="PER-M", IFERROR( SUMIFS('Upah Tenaga Ahli'!$E:$E, 'Upah Tenaga Ahli'!$A:$A,"PER-M", 'Upah Tenaga Ahli'!$B:$B,$G502 ) * $J502 * $K502, 0), 0))) -> 2700000 | R502: Tanpa Cat | S502: Sederhana | T502: =IF($M502="PER-M2", ($N502 * $J502 * $K502) + IFERROR(VLOOKUP($R502,Finishing!A:B,2,FALSE),0) + IFERROR(VLOOKUP($S502,Kerumitan!A:B,2,FALSE),0), IF($M502="PER-LUBANG", ($P502 * $L502 * $K502) + IFERROR(VLOOKUP($R502,Finishing!A:B,2,FALSE),0) + IFERROR(VLOOKUP($S502,Kerumitan!A:B,2,FALSE),0), IF($M502="PER-M", ($O502 * $J502 * $K502) + IFERROR(VLOOKUP($R502,Finishing!A:B,2,FALSE),0) + IFERROR(VLOOKUP($S502,Kerumitan!A:B,2,FALSE),0), 0))) -> 13500000

Sheet Referensi Harga
A1: Produk | B1: Tahun | C1: Harga Hollow | D1: Harga Hollow Stainless | E1: Harga Pipa Stainless | F1: KEY
A2: Pagar | B2: 2019 | C2: 500000 | D2: 1000000 | E2: 850000 | F2: =TRIM(A2) & "|" & TRIM(B2) -> Pagar|2019
A3: Pagar | B3: 2020 | C3: 500000 | D3: 1050000 | E3: 880000 | F3: =TRIM(A3) & "|" & TRIM(B3) -> Pagar|2020
A4: Pagar | B4: 2021 | C4: 500000 | D4: 1100000 | E4: 900000 | F4: =TRIM(A4) & "|" & TRIM(B4) -> Pagar|2021
A5: Pagar | B5: 2022 | C5: 530000 | D5: 1130000 | E5: 920000 | F5: =TRIM(A5) & "|" & TRIM(B5) -> Pagar|2022
A6: Pagar | B6: 2023 | C6: 550000 | D6: 1150000 | E6: 940000 | F6: =TRIM(A6) & "|" & TRIM(B6) -> Pagar|2023
A7: Pagar | B7: 2024 | C7: 550000 | D7: 1180000 | E7: 960000 | F7: =TRIM(A7) & "|" & TRIM(B7) -> Pagar|2024
A8: Pagar | B8: 2025 | C8: 600000 | D8: 1200000 | E8: 1000000 | F8: =TRIM(A8) & "|" & TRIM(B8) -> Pagar|2025
A9: Kanopi | B9: 2019 | C9: 350000 | D9: 650000 | E9: 600000 | F9: =TRIM(A9) & "|" & TRIM(B9) -> Kanopi|2019
A10: Kanopi | B10: 2020 | C10: 350000 | D10: 700000 | E10: 630000 | F10: =TRIM(A10) & "|" & TRIM(B10) -> Kanopi|2020
A11: Kanopi | B11: 2021 | C11: 350000 | D11: 750000 | E11: 660000 | F11: =TRIM(A11) & "|" & TRIM(B11) -> Kanopi|2021
A12: Kanopi | B12: 2022 | C12: 350000 | D12: 780000 | E12: 680000 | F12: =TRIM(A12) & "|" & TRIM(B12) -> Kanopi|2022
A13: Kanopi | B13: 2023 | C13: 420000 | D13: 800000 | E13: 700000 | F13: =TRIM(A13) & "|" & TRIM(B13) -> Kanopi|2023
... A43: Pintu Handerson | B43: 2025 | C43: 900000 | D43: 1700000 | E43: 1500000 | F43: =TRIM(A43) & "|" & TRIM(B43) -> Pintu Handerson|2025

Sheet Ketebalan Material
A1: KETEBALAN_MATERIAL(mm) | B1: PENYESUAIAN_HARGA
A2: 0.8 | B2: 0
A3: 1 | B3: 50000
A4: 1.2 | B4: 100000

Sheet Profile Size
A1: PROFILE_SIZE | B1: PENYESUAIAN_HARGA
A2: 3x6 | B2: 50000
A3: 4x4 | B3: 0
A4: 4x6 | B4: 50000
A5: 4x8 | B5: 100000
A6: 2x2 | B6: 0
A7: 1x3 | B7: 0
A8: 1.5inch | B8: 0
A9: 2inch | B9: 100000

Sheet Upah Tenaga Ahli
A1: METODE_HITUNG | B1: JENIS_MATERIAL | C1: UPAH_PER_M2 | D1: UPAH_PER_LUBANG | E1: UPAH_PER_M
A2: PER-M2 | B2: Hollow | C2: 100000 | D2: - | E2: -
A3: PER-M2 | B3: Hollow Stainless | C3: 150000 | D3: - | E3: -
A4: PER-M2 | B4: Pipa Stainless | C4: 200000 | D4: - | E4: -
A5: PER-LUBANG | B5: Hollow | C5: - | D5: 75000 | E5: -
A6: PER-LUBANG | B6: Hollow Stainless | C6: - | D6: 150000 | E6: -
A7: PER-LUBANG | B7: Pipa Stainless | C7: - | D7: 150000 | E7: -
A8: PER-M | B8: Hollow | C8: - | D8: - | E8: 100000
A9: PER-M | B9: Hollow Stainless | C9: - | D9: - | E9: 150000
A10: PER-M | B10: Pipa Stainless | C10: - | D10: - | E10: 200000

Sheet Finishing
A1: FINISHING | B1: HARGA_TAMBAHAN
A2: Cat Dasar | B2: 0
A3: Cat Biasa | B3: 50000
A4: Cat Duco | B4: 150000
A5: Tanpa Cat | B5: 0

Sheet Kerumitan
A1: KERUMITAN | B1: HARGA_TAMBAHAN
A2: Sederhana | B2: 0
A3: Menengah | B3: 100000
A4: Kompleks | B4: 150000

Sheet Referensi Tambahan
A1: Jenis Material | B1: Tambahan Harga per m2
A2: Hollow | B2: 0
A3: Pipa Stainless | B3: 200000
A4: Hollow Stainless | B4: 150000
A6: Finishing | B6: Harga Tambahan
A7: Cat Dasar | B7: 0
A8: Cat Biasa | B8: 100000
A9: Cat Duco | B9: 150000
A11: Kerumitan | B11: Tambahan Harga
A12: Sederhana | B12: 0
A13: Menengah | B13: 100000
A14: Kompleks | B14: 150000
A16: Profile Size | B16: Tambahan Harga per m2
A17: 4x4 | B17: 0
A18: 4x6 | B18: 100000
A19: 4x8 | B19: 150000
A22: Ketebalan (mm) | B22: Tambahan Harga per m2
A23: 0.8 | B23: 0
A24: 1 | B24: 100000
A25: 1.2 | B25: 200000
